<?xml version="1.0"?>  
<class>  
    <ip>  
        <doctor>http://192.168.1.100:8080/doctors/webapi</doctor> 
		<room>http://192.168.1.100:8080</room>
		<patient>http://192.168.1.100:8080/patient/webapi/patient</patient>
		<payment>http://192.168.1.100:8080/payment/webapi/payment</payment>
		<hospital>http://192.168.1.100:8080/hospital/webapi/hospital</hospital>
		<appoiment>http://192.168.1.100:8080/appointment/webapi/app</appoiment>
		<user>http://192.168.1.100:8080/login/webapi</user>
		<gateway>http://192.168.1.100:8080/gateway/webapi</gateway>
    </ip>   
</class>